,companyname,year,country,bvdidnumber,dbdunsnumber,countryisocode,tfp_available
1,ANDORRA BANC AGRICOL REIG SA - ANDBANC,2001,Andorra,AD18424,NA,AD,0
19,CREDIT ANDORRA,2001,Andorra,AD32845,NA,AD,0
117,NATIONAL CENTRAL COOLING COMPANY PJSC - TABREED,2001,United Arab Emirates,AE30005GU,NA,AE,1
126,OASIS INTERNATIONAL LEASING COMPANY P.J.S.C,2001,United Arab Emirates,AE30006GU,NA,AE,0
131,UNION PROPERTIES PUBLIC JOINT STOCK COMPANY,2001,United Arab Emirates,AE30007GU,NA,AE,0
139,EMAAR PROPERTIES PUBLIC JOINT STOCK COMPANY,2001,United Arab Emirates,AE30008GU,NA,AE,0
145,DUBAI INVESTMENTS (PJSC),2001,United Arab Emirates,AE30012GU,NA,AE,0
153,GULF GENERAL INVESTMENT COMPANY,2001,United Arab Emirates,AE30013GU,NA,AE,0
161,NATIONAL CORPORATION FOR TOURISM AND HOTELS,2001,United Arab Emirates,AE30015GU,NA,AE,0
176,ABU DHABI AVIATION SHAREHOLDING COMPANY,2001,United Arab Emirates,AE30021GU,NA,AE,1
198,ABU DHABI NATIONAL CO. FOR BUILDING MATERIALS,2001,United Arab Emirates,AE30026GU,NA,AE,0
365,UNITED ARAB BANK PJSC,2001,United Arab Emirates,AE30958,NA,AE,0
370,NATIONAL BANK OF DUBAI PUBLIC JOINT STOCK COMPANY,2001,United Arab Emirates,AE31039,NA,AE,0
375,NATIONAL BANK OF ABU DHABI,2001,United Arab Emirates,AE31240,NA,AE,0
382,ABU DHABI INVESTMENT COMPANY,2001,United Arab Emirates,AE31251,NA,AE,0
387,ARAB BANK FOR INVESTMENT & FOREIGN TRADE - ARBIFT,2001,United Arab Emirates,AE31277,NA,AE,0
400,EMIRATES BANK INTERNATIONAL PJSC,2001,United Arab Emirates,AE31286,NA,AE,0
413,BANK OF SHARJAH,2001,United Arab Emirates,AE31318,NA,AE,0
418,COMMERCIAL BANK OF DUBAI P.S.C.,2001,United Arab Emirates,AE31645,NA,AE,0
423,ABU DHABI COMMERCIAL BANK,2001,United Arab Emirates,AE32206,NA,AE,0
428,MASHREQBANK,2001,United Arab Emirates,AE32818,NA,AE,0
433,FIRST GULF BANK,2001,United Arab Emirates,AE33018,NA,AE,0
441,NATIONAL BANK OF UMM AL-QAIWAIN,2001,United Arab Emirates,AE33201,NA,AE,0
446,INVEST BANK P.S.C.,2001,United Arab Emirates,AE33331,NA,AE,0
451,NATIONAL BANK OF RAS AL-KHAIMAH (P.S.C.) (THE),2001,United Arab Emirates,AE33467,NA,AE,0
456,NATIONAL BANK OF FUJAIRAH,2001,United Arab Emirates,AE36125,NA,AE,0
469,DUBAI ISLAMIC BANK PLC,2001,United Arab Emirates,AE38656,NA,AE,0
474,SHUAA CAPITAL PSC,2001,United Arab Emirates,AE40023,NA,AE,0
490,COMMERCIAL BANK INTERNATIONAL P.S.C.,2001,United Arab Emirates,AE43139,NA,AE,0
495,UNION NATIONAL BANK,2001,United Arab Emirates,AE43329,NA,AE,0
500,ARAB EMIRATES INVESTMENT BANK PSJC,2001,United Arab Emirates,AE43454,NA,AE,0
505,ABU DHABI ISLAMIC BANK - PUBLIC JOINT STOCK CO.,2001,United Arab Emirates,AE47717,NA,AE,0
510,WALL STREET EXCHANGE CENTRE (DUBAI),2001,United Arab Emirates,AE48882,NA,AE,0
517,ABU DHABI NATIONAL HOTELS,2001,United Arab Emirates,AE90001GU,NA,AE,0
544,UNICORP BANK OVERSEAS LTD,2001,Antigua and Barbuda,AG17441,NA,AG,0
549,ANTIGUA BARBUDA INVESTMENT BANK LTD,2001,Antigua and Barbuda,AG31580,863999798,AG,0
554,BANK OF ANTIGUA,2001,Antigua and Barbuda,AG44210,863975397,AG,0
559,STANFORD INTERNATIONAL BANK LTD,2001,Antigua and Barbuda,AG49209,855010609,AG,0
565,CARIBBEAN COMMERCIAL BANK (ANGUILLA),2001,Anguilla,AI32284,864906446,AI,0
569,NATIONAL BANK OF ANGUILLA,2001,Anguilla,AI34419,864904818,AI,0
618,AMERICAN BANK OF ALBANIA,2001,Albania,AL17264,NA,AL,0
623,BANKA KOMBETARE TREGTARE,2001,Albania,AL17265,NA,AL,0
628,TIRANA BANK SA,2001,Albania,AL17266,NA,AL,0
650,ITALIAN-ALBANIAN BANK,2001,Albania,AL47263,NA,AL,0
655,BANK OF ALBANIA,2001,Albania,AL48202,NA,AL,0
671,PROCREDIT BANK (ALBANIA) SH.A,2001,Albania,AL49343,NA,AL,0
676,RAIFFEISEN BANK ALBANIA,2001,Albania,AL49940,NA,AL,0
754,ARMENIAN CARD CJSC,2001,Armenia,AM16549,NA,AM,0
781,INECOBANK,2001,Armenia,AM40273,NA,AM,0
808,ARMECONOMBANK,2001,Armenia,AM42687,NA,AM,0
822,HSBC BANK ARMENIA CJSC,2001,Armenia,AM46786,NA,AM,0
835,ARMIMPEXBANK CJSC,2001,Armenia,AM47172,NA,AM,0
844,CONVERSE BANK CORPORATION CSJC,2001,Armenia,AM47239,NA,AM,0
852,VELCRO INDUSTRIES NV,2001,Netherlands Antilles,AN20006WN,NA,AN,1
857,ORTHOFIX INTERNATIONAL N.V.,2001,Netherlands Antilles,AN30002WN,856336466,AN,1
862,SAPIENS INTERNATIONAL CORPORATION N.V.,2001,Netherlands Antilles,AN30101GE,NA,AN,0
867,SCHLUMBERGER N.V.,2001,Netherlands Antilles,AN30390NU,855445516,AN,0
872,MADURO & CURIEL'S BANK N.V.,2001,Netherlands Antilles,AN32183,855430757,AN,0
899,BANCO DE FOMENTO - ANGOLA, SA - BFA,2001,Angola,AO16257,NA,AO,0
929,BANCO COMERCIAL ANGOLANO SARL - BCA,2001,Angola,AO18737,NA,AO,0
967,BCI - BANCO DE COMERCIO E INDUSTRIA,2001,Angola,AO34406,NA,AO,0
990,BANCO SOL,2001,Angola,AO40304,565471174,AO,0
1001,BPC - BANCO DE POUPANÇA E CRÉDITO,2001,Angola,AO48580,NA,AO,0
1025,ASSURANT ARGENTINA CIA DE SEGUROS SOCIEDAD ANONIMA,2001,Argentina,AR200269,970787453,AR,0
1033,COMPAÑIA ARGENTINA DE SEGUROS LATITUD SUR SA,2001,Argentina,AR201416,NA,AR,0
1041,GENERALI CORPORATE COMPAÑIA ARGENTINA DE SEGUROS SA,2001,Argentina,AR203473,971450382,AR,0
5455,ALUAR ALUMINIO ARGENTINO S.A. INDUSTRIAL Y COMMERCIAL,2001,Argentina,AR30020LA,970206082,AR,1
5456,CELULOSA ARGENTINA S.A.,2001,Argentina,AR30026LA,970000246,AR,1
5459,NOBLEZA PICCARDO S.A.I.C. Y F.,2001,Argentina,AR30037LA,971060553,AR,1
5463,LONGVIE S.A.,2001,Argentina,AR30048LA,970000022,AR,1
5890,BANCO DE LA EDIFICADORA DE OLAVARRIA SA,2001,Argentina,AR37961,NA,AR,0
5891,BANCO PATAGONIA SA (OLD),2001,Argentina,AR38526,971418249,AR,0
5892,BANCO DE GALICIA Y BUENOS AIRES SA,2001,Argentina,AR42250,970188413,AR,0
5997,WIENER SPAR-UND KREDIT INSTITUT RGMBH,2001,Austria,AT16115,NA,AT,0
6002,BAWAG WOHNBAUBANK,2001,Austria,AT16607,NA,AT,0
6012,VAKIFBANK INTERNATIONAL AG,2001,Austria,AT17303,NA,AT,0
6024,ALLGEMEINE BAUSPARKASSE RGMBH,2001,Austria,AT17304,NA,AT,0
6036,BAUSPARKASSE DER OESTERREICHISCHEN SPARKASSEN AG,2001,Austria,AT17492,NA,AT,0
6049,KOMMUNALKREDIT DEPOTBANK AG.,2001,Austria,AT18425,NA,AT,0
6052,VB FACTORING BANK AG,2001,Austria,AT18564,NA,AT,0
6057,RAIFFEISEN BAUSPARKASSE GMBH,2001,Austria,AT18572,NA,AT,0
6077,EUROPEAN AMERICAN INVESTMENT BANK,2001,Austria,AT19233,NA,AT,0
6088,NIEDERÖSTERREICHISCHE KAPITALBETEILIGUNGS GMBH,2001,Austria,AT19507,NA,AT,0
6091,OBERÖSTERREICHISCHE KREDITGARANTIEGESELLSCHAFT MBH,2001,Austria,AT19508,NA,AT,0
6096,LBA LANDESBAUSPARKASSE AG,2001,Austria,AT19560,NA,AT,0
6099,RAIFFEISENBANK LEIBNITZ RGMBH,2001,Austria,AT19561,NA,AT,0
6106,RAIFFEISENBANK LIGIST- ST JOHANN RGMBH,2001,Austria,AT19562,NA,AT,0
6107,SPARDA-BANK LINZ RGMBH,2001,Austria,AT19563,NA,AT,0
6112,SPARDA BANK AG,2001,Austria,AT19564,NA,AT,0
6121,ALLIANZ INVESTMENTBANK AG,2001,Austria,AT19591,NA,AT,0
6133,VOLKSBANK NIEDEROSTERREICH-MITTE RGMBH,2001,Austria,AT19729,NA,AT,0
6144,GENERALI BANK AG,2001,Austria,AT19912,NA,AT,0
6152,M & A PRIVATBANK AG,2001,Austria,AT19925,NA,AT,0
6157,BANK AUSTRIA CREDITANSTALT VERSICHERUNG AG,2001,Austria,AT200909,NA,AT,0
6162,UNION VERSICHERUNG AG,2001,Austria,AT201111,NA,AT,0
6171,ARAG ÖSTERREICH ALLGEMEINE RECHTSSCHUTZ VERSICHERUNGS AG,2001,Austria,AT201179,NA,AT,0
6174,VORARLBERGER LANDES-VERSICHERUNG VAG,2001,Austria,AT201781,NA,AT,0
6187,ÖSTERREICHISCHE BEAMTENVERSICHERUNG VERSICHERUNGSVEREIN AUF GEGENSEITIGKEIT,2001,Austria,AT202393,NA,AT,0
6200,KARNTNER LANDESVERSICHERUNG AG,2001,Austria,AT203381,NA,AT,0
6205,WÜSTENROT VERSICHERUNGS-AG,2001,Austria,AT204039,NA,AT,0
6350,VTB BANK (AUSTRIA) AG,2001,Austria,AT31036,NA,AT,0
6355,RAIFFEISEN CENTROBANK AG,2001,Austria,AT32065,NA,AT,0
6360,SALZBURGER SPARKASSE BANK AG,2001,Austria,AT32066,NA,AT,0
6365,VOLKSKREDITBANK AG,2001,Austria,AT32068,NA,AT,0
6370,RAIFFEISENLANDESBANK VORARLBERG WAREN-UND REVISIONS VERBAND GMBH,2001,Austria,AT32673,NA,AT,0
6375,ANGLO IRISH BANK (AUSTRIA) A.G.,2001,Austria,AT32685,NA,AT,0
6380,OESTERREICHISCHE NATIONAL BANK,2001,Austria,AT33361,NA,AT,0
6393,CAPITAL BANK INTERNATIONAL-GRAWE GROUP AG,2001,Austria,AT33507,NA,AT,0
6417,RAIFFEISENLANDESBANK OBERÖSTERREICH AG,2001,Austria,AT34513,NA,AT,0
6422,RAIFFEISENLANDESBANK KAERNTEN - RECHENZENTRUM UND REVISIONSVERBAND RGMBH,2001,Austria,AT35759,NA,AT,0
6427,BANKHAUS KRENTSCHKER & CO.,2001,Austria,AT35866,NA,AT,0
6432,BANKHAUS SCHELHAMMER & SCHATTERA AG,2001,Austria,AT37046,NA,AT,0
6446,ALPENBANK AKTIENGESELLSCHAFT,2001,Austria,AT37600,NA,AT,0
6451,KOMMUNALKREDIT AUSTRIA AG,2001,Austria,AT37739,NA,AT,0
6457,CAPITAL BANK - GRAWE GRUPPE AG,2001,Austria,AT38384,NA,AT,0
6462,PRIVATINVEST BANK AG,2001,Austria,AT38589,NA,AT,0
6584,VOLKSBANK GRAZ-BRUCK REG. GEN.M.B.H.,2001,Austria,AT42319,NA,AT,0
6592,BAUSPARKASSE WUESTENROT,2001,Austria,AT42637,NA,AT,0
6613,BANK FÜR ARBEIT UND WIRTSCHAFT UND ÖSTERREICHISCHE POSTSPARKASSE AKTIENGESELLSCHAFT,2001,Austria,AT43719,NA,AT,0
6620,LANDES HYPOTHEKENBANK STEIERMARK AG,2001,Austria,AT43888,NA,AT,0
6633,RAIFFEISEN-LANDESBANK TIROL AG,2001,Austria,AT43889,NA,AT,0
6638,STEIERMÄRKISCHE BANK UND SPARKASSEN AG,2001,Austria,AT43890,NA,AT,0
6643,TIROLER SPARKASSE - BANKAKTIENGESELLSCHAFT INNSBRUCK,2001,Austria,AT43891,NA,AT,0
6648,DORNBIRNER SPARKASSE BANK AG,2001,Austria,AT43944,NA,AT,0
6662,SALZBURGER LANDES-HYPOTHEKENBANK,2001,Austria,AT43948,NA,AT,0
6675,ALLGEMEINE SPARKASSE OBERÖSTERREICH BANK AG,2001,Austria,AT44015,NA,AT,0
6680,OESTERREICHISCHE VERKEHRSKREDITBANK,2001,Austria,AT44023,NA,AT,0
6692,MEINL BANK AG,2001,Austria,AT44095,NA,AT,0
6702,RAIFFEISEN ZENTRALBANK OESTERREICH AG - RZB,2001,Austria,AT44096,NA,AT,0
6707,BANKHAUS CARL SPAENGLER & CO.,2001,Austria,AT44314,NA,AT,0
6714,CONSTANTIA PRIVATBANK AG,2001,Austria,AT44479,NA,AT,0
6719,OESTERREICHISCHE VOLKSBANKEN AG,2001,Austria,AT44482,NA,AT,0
6724,BANCO DO BRASIL AG,2001,Austria,AT44715,NA,AT,0
6729,BANK VONTOBEL OESTERREICH AG,2001,Austria,AT44735,NA,AT,0
6736,INVESTKREDIT BANK AG,2001,Austria,AT44749,NA,AT,0
6757,RAIFFEISENLANDESBANK BURGENLAND,2001,Austria,AT44777,NA,AT,0
6763,HYPO ALPE-ADRIA BANK INTERNATIONAL AG,2001,Austria,AT45364,NA,AT,0
6768,KAERNTNER SPARKASSE,2001,Austria,AT45365,NA,AT,0
6774,VOLKSBANK SALZBURG,2001,Austria,AT45366,NA,AT,0
6779,SCHOELLERBANK AG,2001,Austria,AT45441,NA,AT,0
6786,ERSTE BANK DER OESTERREICHISCHEN SPARKASSEN AG,2001,Austria,AT46146,NA,AT,0
6799,NIEDEROESTERREICHISCHE LANDESBANK-HYPOTHEKENBANK AG,2001,Austria,AT46403,NA,AT,0
6804,OESTERREICHISCHE POSTSPARKASSE AG,2001,Austria,AT46502,NA,AT,0
6810,BANK AUSTRIA CREDITANSTALT AG,2001,Austria,AT46588,NA,AT,0
6815,LANDES-HYPOTHEKENBANK TIROL,2001,Austria,AT46744,NA,AT,0
6820,FACTOR BANK AG,2001,Austria,AT46745,NA,AT,0
6836,PORSCHE BANK AG,2001,Austria,AT46841,NA,AT,0
6841,DENIZBANK AG,2001,Austria,AT47623,NA,AT,0
6850,SPARKASSE VOITSBERG-KOEFLACH BANK AG,2001,Austria,AT48345,NA,AT,0
6862,SPARKASSE SCHWAZ,2001,Austria,AT48361,NA,AT,0
6867,SPARKASSE DER STADT KITZBÜHEL,2001,Austria,AT48365,NA,AT,0
6883,VOLKSBANK TIROL INNSBRUCK-SCHWAZ AG,2001,Austria,AT48619,NA,AT,0
6901,VOLKSBANK KUFSTEIN RGMBH,2001,Austria,AT48833,NA,AT,0
6906,SPARKASSE NIEDEROSTERREICH MITTE WEST AKTIENGESELLSCHAFT,2001,Austria,AT48849,NA,AT,0
6918,EUROPAY AUSTRIA ZAHLUNGSVERKEHRSSYSTEME GESMBH,2001,Austria,AT48890,NA,AT,0
6923,VOLKSBANK LANDECK,2001,Austria,AT48892,NA,AT,0
6936,VEREINIGTE VOLKSBANKEN BADEN-MOEDLING-LIESING RGMBH,2001,Austria,AT49069,NA,AT,0
6943,AUTOBANK AG,2001,Austria,AT49426,NA,AT,0
6949,VOLKSBANK OST RGMBH,2001,Austria,AT49742,NA,AT,0
6959,PFANDBRIEFSTELLE DER OESTERREICHISCHEN LANDES-HYPOTHEKENBANKEN,2001,Austria,AT49876,NA,AT,0
6971,RAIFFEISEN REGIONALBANK FIEBERBRUNN ST JOHANN IN TIROL RGMBH,2001,Austria,AT49925,NA,AT,0
7093,ZUMTOBEL AG,2001,Austria,AT9010000310,NA,AT,1
7309,WOLFORD AG,2001,Austria,AT9010001128,NA,AT,1
8886,VORARLBERGER KRAFTWERKE AG,2001,Austria,AT9010015034,NA,AT,0
11026,BETANDWIN.COM INTERACTIVE ENTERTAINMENT AG,2001,Austria,AT9010050079,NA,AT,0
14180,HERBERT KNEITZ GESELLSCHAFT M.B.H.,2001,Austria,AT9030000448,NA,AT,1
14358,SCHREINER TROCKENBAU GMBH,2001,Austria,AT9030001802,NA,AT,0
14387,,2001,Austria,AT9030001883,NA,AT,0
14402,BACK - TECH MASCHINENBAU- UND HANDELSGESELLSCHAFT M.B.H.,2001,Austria,AT9030001904,NA,AT,0
14461,ELEKTRO PFUND GESELLSCHAFT M.B.H.,2001,Austria,AT9030002274,NA,AT,0
14567,,2001,Austria,AT9030003041,NA,AT,0
14684,BINDER AUTOBEDARF GESELLSCHAFT M.B.H.,2001,Austria,AT9030004234,NA,AT,0
14729,AHT COOLING SYSTEMS GMBH & CO KG,2001,Austria,AT9030004406,NA,AT,0
14735,,2001,Austria,AT9030004473,NA,AT,0
14756,KORMANN GESELLSCHAFT M.B.H. & CO. KG,2001,Austria,AT9030004507,NA,AT,0
14765,FRANZ FRIPERTINGER GESELLSCHAFT M.B.H.,2001,Austria,AT9030004524,NA,AT,0
14804,AGRA TAGGER KRAFTFUTTERWERKE UND MUEHLEN AG,2001,Austria,AT9030004749,NA,AT,0
14829,KÖLBL-BAU, BETONFERTIGTEIL-MONTAGE, AUTOKRANVERLEIH GESELLSCHAFT M.B.H.,2001,Austria,AT9030004903,NA,AT,1
15006,LEYKAM MEDIEN AKTIENGESELLSCHAFT,2001,Austria,AT9030005978,NA,AT,0
15427,BREITENFELD EDELSTAHL AKTIENGESELLSCHAFT,2001,Austria,AT9030009893,NA,AT,1
15535,ANDRITZ AG,2001,Austria,AT9030011229,NA,AT,1
15626,BRAU-UNION AG,2001,Austria,AT9030012711,NA,AT,1
15644,KALTENEGGER-TRANSPORT- GESELLSCHAFT M.B.H.,2001,Austria,AT9030012978,NA,AT,0
15672,BOXMARK LEATHER GMBH & CO.KG,2001,Austria,AT9030013036,NA,AT,0
15824,ATB AUSTRIA ANTRIEBSTECHNIK AG,2001,Austria,AT9030014121,NA,AT,1
15867,AUSTRIAMICROSYSTEMS AG,2001,Austria,AT9030014397,NA,AT,1
15898,STAHL- UND WALZWERK MARIENHÜTTE GESELLSCHAFT M.B.H.,2001,Austria,AT9030014800,NA,AT,1
16697,STAHL - FASSADEN UND LÜFTUNGSBAU - GMBH,2001,Austria,AT9030019388,NA,AT,1
17578,KÖNIG MASCHINEN GESELLSCHAFT M.B.H.,2001,Austria,AT9030027350,NA,AT,0
17754,STEIREROBST AG,2001,Austria,AT9030029452,NA,AT,1
17906,LEAR CORPORATION AUSTRIA GESMBH & CO KG,2001,Austria,AT9030032070,NA,AT,1
18498,AUSTRIA EMAIL AG,2001,Austria,AT9030037523,NA,AT,1
19326,GAW PILDNER-STEINBURG GMBH NFG & CO KG,2001,Austria,AT9030050135,NA,AT,1
19522,J. HORNIG GMBH,2001,Austria,AT9030052054,NA,AT,1
19579,SPEZIALPAPPENFABRIK ROSEGG BETRIEBS GMBH,2001,Austria,AT9030052510,NA,AT,0
20101,TESMA MOTOREN- UND GETRIEBETECHNIK GES.M.B.H.,2001,Austria,AT9030059227,NA,AT,1
20161,HMT UMFORMTECHNIK AG,2001,Austria,AT9030059945,NA,AT,0
21152,PROALPHA SOFTWARE AUSTRIA GES. MBH,2001,Austria,AT9030074587,NA,AT,0
21271,AUSTRIA TECHNOLOGIE & SYSTEMTECHNIK AG,2001,Austria,AT9030075698,NA,AT,1
21580,VOESTALPINE SCHIENEN GMBH,2001,Austria,AT9030078766,NA,AT,1
21659,PANKL RACING SYSTEMS AG,2001,Austria,AT9030079625,NA,AT,1
22072,LOGICDATA ELECTRONIC & SOFTWARE ENTWICKLUNGS GMBH,2001,Austria,AT9030084019,NA,AT,0
23105,WILFLING HOCH- UND TIEFBAU GMBH,2001,Austria,AT9030096776,NA,AT,0
23378,AE ENERGIETECHNIK,2001,Austria,AT9030099299,NA,AT,0
23489,MAGNA STEYR FAHRZEUGTECHNIK AG & CO KG,2001,Austria,AT9030100442,NA,AT,1
23514,BÖHLER EDELSTAHL GMBH & CO KG,2001,Austria,AT9030100927,NA,AT,0
24146,NECKERMANN BETEILIGUNGS GMBH,2001,Austria,AT9030107003,NA,AT,0
24293,JOWOOD PRODUCTIONS SOFTWARE AG,2001,Austria,AT9030108179,NA,AT,0
24996,MAGNA PRESSTEC AG,2001,Austria,AT9030113798,NA,AT,1
25852,NKT CABLES GMBH,2001,Austria,AT9030122734,NA,AT,1
30662,THÖNI INDUSTRIEBETRIEBE GMBH,2001,Austria,AT9050002508,NA,AT,1
31007,MPREIS WARENVERTRIEBS GMBH,2001,Austria,AT9050005594,NA,AT,0
31141,GE JENBACHER AG,2001,Austria,AT9050006917,NA,AT,1
31679,SANDOZ GMBH,2001,Austria,AT9050012770,NA,AT,1
31934,ADOLF DARBO AKTIENGESELLSCHAFT,2001,Austria,AT9050015179,NA,AT,1
32456,GIESSWEIN WALKWAREN AKTIENGESELLSCHAFT,2001,Austria,AT9050021275,NA,AT,1
32604,HOCH- TIEF- BAU- IMST GESELLSCHAFT M.B.H.,2001,Austria,AT9050023057,NA,AT,0
33792,ALPEN STRAßEN AKTIENGESELLSCHAFT,2001,Austria,AT9050042584,NA,AT,0
34580,ZIMA TECHNIK BAUGESELLSCHAFT MBH,2001,Austria,AT9050055121,NA,AT,0
35062,CHI ELECTRONICS AG IN ABWICKLUNG,2001,Austria,AT9050064371,NA,AT,0
35810,FERATEL MEDIA TECHNOLOGIES AG,2001,Austria,AT9050075182,NA,AT,0
40129,VOESTALPINE STAHL SERVICE CENTER GMBH,2001,Austria,AT9070000374,NA,AT,1
40323,BOSCH REXROTH GMBH,2001,Austria,AT9070001537,NA,AT,0
40348,FISCHER GESELLSCHAFT M.B.H.,2001,Austria,AT9070001703,NA,AT,1
40443,GEA HAPPEL GESELLSCHAFT M.B.H. & CO. KG,2001,Austria,AT9070002045,NA,AT,0
40553,E V GROUP E.THALLNER GMBH,2001,Austria,AT9070002577,NA,AT,1
40613,,2001,Austria,AT9070002832,NA,AT,0
40670,AREVA T&D AUSTRIA AG,2001,Austria,AT9070003070,NA,AT,1
40694,LAGERHAUSGENOSSENSSCHAFT ROHRBACH REGISTRIERTE GENOSSENSCHAFT MIT BESCHRÄNKTER HAFTUNG,2001,Austria,AT9070003226,NA,AT,0
40887,VEREINIGTE FETTWARENINDUSTRIE GESELLSCHAFT M.B.H.,2001,Austria,AT9070004100,NA,AT,1
40909,LENZING AG,2001,Austria,AT9070004112,NA,AT,1
41122,,2001,Austria,AT9070005211,NA,AT,0
41158,VOESTALPINE STAHL GMBH,2001,Austria,AT9070005374,NA,AT,1
41168,VOEST-ALPINE AG,2001,Austria,AT9070005375,NA,AT,1
41344,ERNST DENKMAYR GESELLSCHAFT M. B. H.,2001,Austria,AT9070006107,NA,AT,0
41374,BWT AG,2001,Austria,AT9070006286,NA,AT,1
41487,,2001,Austria,AT9070006625,NA,AT,0
41527,MIBA SINTER AUSTRIA GMBH,2001,Austria,AT9070006843,NA,AT,1
41712,PANASONIC ELECTRIC WORKS ELECTRONIC MATERIALS EUROPE GMBH,2001,Austria,AT9070007669,NA,AT,1
41750,SCHACHERMAYER -GROSSHANDELSGESELLSCHAFT M.B.H.,2001,Austria,AT9070007894,NA,AT,0
41837,,2001,Austria,AT9070008126,NA,AT,0
41908,ROSENBAUER INTERNATIONAL AG,2001,Austria,AT9070008375,NA,AT,1
41970,BORTENSCHLAGER - BAUUNTERNEHMEN KARL HAGELMÜLLER,2001,Austria,AT9070008558,NA,AT,0
42048,HABAU HOCH- UND TIEFBAUGESELLSCHAFT M.B.H.,2001,Austria,AT9070008932,NA,AT,0
42167,ITEM INTERNATIONAL HANDEL GMBH,2001,Austria,AT9070009684,NA,AT,0
42280,LINZ TEXTIL HOLDING AG,2001,Austria,AT9070010090,NA,AT,1
42674,RECHBERGER GESELLSCHAFT M.B.H. & CO. KG.,2001,Austria,AT9070012429,NA,AT,0
42844,,2001,Austria,AT9070013861,NA,AT,0
43034,TRANSDANUBIA HOLDING GMBH,2001,Austria,AT9070015802,NA,AT,0
43112,,2001,Austria,AT9070016353,NA,AT,0
43189,MEINHART KABEL GESELLSCHAFT M.B.H.,2001,Austria,AT9070016857,NA,AT,0
43231,,2001,Austria,AT9070017409,NA,AT,0
43249,DOUBRAVA GESELLSCHAFT M.B.H. & CO. KG,2001,Austria,AT9070017505,NA,AT,0
43462,ELFRIEDE LÖFFLER GESELLSCHAFT M.B.H.,2001,Austria,AT9070019511,NA,AT,1
43563,MIBA AG,2001,Austria,AT9070019858,NA,AT,1
43831,EKB ELEKTRO- U. KUNSTSTOFFTECHNIK GESELLSCHAFT M.B.H.,2001,Austria,AT9070021586,NA,AT,1
43848,,2001,Austria,AT9070021621,NA,AT,0
43967,HYDRO ALUMINIUM MANDL&BERGER GMBH,2001,Austria,AT9070022368,NA,AT,1
44308,INNVIERTLER LAGERHAUSGENOSSENSCHAFT REGISTRIERTE GENOSSENSCHAFT MIT BESCHRÄNKTER HAFTUNG,2001,Austria,AT9070024754,NA,AT,0
45199,HUBERS LANDHENDL GMBH,2001,Austria,AT9070031162,NA,AT,1
45491,,2001,Austria,AT9070033507,NA,AT,0
45691,DOPPLER MINERALÖLE GESELLSCHAFT M.B.H.,2001,Austria,AT9070035201,NA,AT,0
45788,SCHACHINGER LOGISTIK HOLDING GMBH & CO KG,2001,Austria,AT9070035994,NA,AT,0
45999,,2001,Austria,AT9070037189,NA,AT,0
46352,,2001,Austria,AT9070039987,NA,AT,0
46387,TEUFELBERGER SEIL GESELLSCHAFT M.B.H.,2001,Austria,AT9070040116,NA,AT,1
46422,,2001,Austria,AT9070040168,NA,AT,0
46452,A. NUßBAUMER TRANSPORTGESELLSCHAFT M.B.H.,2001,Austria,AT9070040260,NA,AT,0
46624,LINDE FÖRDERTECHNIK GMBH,2001,Austria,AT9070040986,NA,AT,0
46733,LINDE GAS GMBH,2001,Austria,AT9070042444,NA,AT,0
46766,GMUNDNER MOLKEREI REG. GENOSSENSCHAFT MIT BESCHRÄNKTER HAFTUNG,2001,Austria,AT9070042750,NA,AT,1
46890,EUROFOAM GMBH,2001,Austria,AT9070043927,NA,AT,1
47543,,2001,Austria,AT9070051519,NA,AT,0
47945,,2001,Austria,AT9070056100,NA,AT,0
48181,ZEILBERGER FRUIT-SERVICE AG,2001,Austria,AT9070058100,NA,AT,0
48239,VA TECHNOLOGIE AG,2001,Austria,AT9070058740,NA,AT,1
48628,FABASOFT AG,2001,Austria,AT9070062661,NA,AT,0
48800,BERGLANDMILCH REGISTRIERTE GENOSSENSCHAFT MIT BESCHRÄNKTER HAFTUNG,2001,Austria,AT9070064401,NA,AT,1
49620,JOWOOD PRODUCTIONS SOFTWARE AG,2001,Austria,AT9070073036,NA,AT,0
51090,VOESTALPINE STAHLHANDEL GMBH,2001,Austria,AT9070085857,NA,AT,0
51258,LANDHOF GESMBH & CO KG,2001,Austria,AT9070087468,NA,AT,1
52013,"AGRU" KUNSTSTOFFTECHNIK GESELLSCHAFT M.B.H.,2001,Austria,AT9070093889,NA,AT,0
52243,GLS BAU UND MONTAGE G.M.B.H.,2001,Austria,AT9070095932,NA,AT,0
52893,ALLGEMEINE FONDSBERATUNG GMBH,2001,Austria,AT9070101084,NA,AT,0
52901,EISEN WAGNER GESELLSCHAFT M.B.H,2001,Austria,AT9070101140,NA,AT,0
52963,,2001,Austria,AT9070101554,NA,AT,0
53090,KEBA AG,2001,Austria,AT9070102770,NA,AT,0
53223,E. HAWLE ARMATURENWERKE GMBH,2001,Austria,AT9070103644,NA,AT,1
53266,SCHEUCH GMBH,2001,Austria,AT9070103945,NA,AT,1
53534,GERICOM AG,2001,Austria,AT9070106089,NA,AT,1
53797,WEYLAND GMBH,2001,Austria,AT9070108363,NA,AT,0
53810,REITER BETTEN & VORHÄNGE GES.M.B.H.,2001,Austria,AT9070108426,NA,AT,0
54368,PFS FINANCIAL SERVICES INTERNATIONAL AG,2001,Austria,AT9070112946,NA,AT,0
54566,VOESTALPINE EUROPLATINEN GMBH & CO. KG,2001,Austria,AT9070114377,NA,AT,1
54694,CLC AG,2001,Austria,AT9070115459,NA,AT,0
55093,LUTZ SERVICE GMBH,2001,Austria,AT9070118984,NA,AT,0
55166,EBEWE PHARMA GES. M. B. H. NFG. KG,2001,Austria,AT9070119515,NA,AT,1
55247,BRP - ROTAX GMBH & CO. KG,2001,Austria,AT9070119974,NA,AT,1
64624,HIRSCH SERVO AG,2001,Austria,AT9090002387,NA,AT,1
64820,INDUSTRIE BETRIEBE SWATEK GMBH & CO KG,2001,Austria,AT9090003516,NA,AT,0
64986,SW UMWELTTECHNIK STOISER & WOLSCHNER AG,2001,Austria,AT9090004697,NA,AT,0
65979,,2001,Austria,AT9090013506,NA,AT,0
66268,"UNSER LAGERHAUS" WARENHANDELSGESELLSCHAFT M.B.H.,2001,Austria,AT9090016730,NA,AT,0
66528,AVW INVEST AG,2001,Austria,AT9090019357,NA,AT,0
66726,,2001,Austria,AT9090021505,NA,AT,0
67183,,2001,Austria,AT9090028735,NA,AT,0
69315,INFINEON TECHNOLOGIES AUSTRIA AG,2001,Austria,AT9090062838,NA,AT,1
73226,EVN ENERGIE-VERSORGUNG NIEDEROSTERREICH AG,2001,Austria,AT9110000017,NA,AT,0
73240,ALLGEMEINE BAUGESELLSCHAFT-A.PORR AG,2001,Austria,AT9110000066,NA,AT,0
73316,INKU AG,2001,Austria,AT9110000474,NA,AT,0
73338,OESTERREICHISCHE INDUSTRIEHOLDING AG,2001,Austria,AT9110000589,NA,AT,0
73420,MOBIL OIL AUSTRIA GMBH,2001,Austria,AT9110000937,NA,AT,0
73439,AUSTRIAN GAMING INDUSTRIES GMBH,2001,Austria,AT9110001117,NA,AT,1
73490,DELPHI AUTOMOTIVE SYSTEMS VIENNA GMBH,2001,Austria,AT9110001704,NA,AT,1
73633,TEERAG-ASDAG AG,2001,Austria,AT9110002622,NA,AT,0
73794,JOSEF MANNER & COMP. AG,2001,Austria,AT9110004710,NA,AT,1
73864,DBK - DONAU BRENNSTOFFKONTOR GMBH,2001,Austria,AT9110006717,NA,AT,0
73926,CINCINNATI EXTRUSION GMBH,2001,Austria,AT9110008758,NA,AT,0
73942,ALU KÖNIG STAHL GMBH,2001,Austria,AT9110008867,NA,AT,0
74165,DO & CO PARTY - SERVICE & CATERING GMBH,2001,Austria,AT9110013988,NA,AT,0
74225,AGRANA BETEILIGUNGS-AKTIENGESELLSCHAFT,2001,Austria,AT9110015079,NA,AT,1
74246,OMV AKTIENGESELLSCHAFT,2001,Austria,AT9110015290,NA,AT,0
74287,TIMETRON WARENHANDELSGESELLSCHAFT M. B. H.,2001,Austria,AT9110015677,NA,AT,0
74492,BAYER AUSTRIA GESELLSCHAFT M.B.H.,2001,Austria,AT9110020522,NA,AT,0
74712,WIENERBERGER AG,2001,Austria,AT9110026043,NA,AT,1
75004,KNORR-BREMSE GESELLSCHAFT MIT BESCHRÄNKTER HAFTUNG,2001,Austria,AT9110030928,NA,AT,1
75021,SEMPERIT AG HOLDING,2001,Austria,AT9110031029,NA,AT,0
75063,PRO MARKT HIFI-VIDEO ELEKTROGERÄTE HANDELSGESELLSCHAFT M. B. H.,2001,Austria,AT9110031344,NA,AT,0
75116,LKW WALTER INTERNATIONALE TRANSPORTORGANISATION AG,2001,Austria,AT9110032016,NA,AT,0
75147,BAUMAX AG,2001,Austria,AT9110032219,NA,AT,0
75227,MAUTNER MARKHOF NAHRUNGS- UND GENUSSMITTEL BETEILIGUNGSAKTIENGESELLSCHAFT,2001,Austria,AT9110033439,NA,AT,1
75246,SCHLUMBERGER AG,2001,Austria,AT9110033476,NA,AT,1
75853,AUSTRIAN AIRLINES ÖSTERREICHISCHE LUFTVERKEHRS-AG,2001,Austria,AT9110044307,NA,AT,0
75909,RHI AG,2001,Austria,AT9110044833,NA,AT,1
75954,ÖSTERREICHISCHE ELEKTRIZITÄTSWIRTSCHAFTS-AKTIENGESELLSCHAFT (VERBUNDGESELLSCHAFT),2001,Austria,AT9110045199,NA,AT,0
76100,UPDATE SOFTWARE AG,2001,Austria,AT9110047829,NA,AT,0
76213,BRAIN FORCE HOLDING AG,2001,Austria,AT9110050653,NA,AT,0
76372,DHL EXPRESS (AUSTRIA) GMBH,2001,Austria,AT9110054477,NA,AT,0
76491,MAYR-MELNHOF KARTON AG,2001,Austria,AT9110055656,NA,AT,1
76555,OTTAKRINGER BRAUEREI HARMER AG,2001,Austria,AT9110056408,NA,AT,1
76676,LEIPNIK-LUNDENBURGER INDUSTRIE AG,2001,Austria,AT9110057871,NA,AT,0
76918,ÖAMTC - BETRIEBE, GESELLSCHAFT M.B.H.,2001,Austria,AT9110060907,NA,AT,0
76934,RATH AKTIENGESELLSCHAFT,2001,Austria,AT9110060984,NA,AT,1
77372,FRAUENTHAL HOLDING AG,2001,Austria,AT9110065885,NA,AT,1
77415,ELECTROLUX HAUSGERÄTE GMBH,2001,Austria,AT9110066255,NA,AT,0
77630,VIENNA INTERNATIONAL AIRPORT,2001,Austria,AT9110068887,NA,AT,0
77909,TOPCALL INTERNATIONAL AG,2001,Austria,AT9110072927,NA,AT,0
78268,CA IMMOBILIEN ANLAGEN AG,2001,Austria,AT9110080134,NA,AT,0
78345,VAMED AKTIENGESELLSCHAFT,2001,Austria,AT9110081609,NA,AT,0
78447,FRANZ PLASSER BAHNBAUMASCHINEN -INDUSTRIEGESELLSCHAFT M.B.H.,2001,Austria,AT9110083561,NA,AT,0
78771,FREQUENTIS GMBH,2001,Austria,AT9110090405,NA,AT,1
78880,SALESIANER WÄSCHEREI PUTZEREI GESELLSCHAFT M.B.H.,2001,Austria,AT9110091345,NA,AT,0
78940,UNTERNEHMENS INVEST AG,2001,Austria,AT9110092223,NA,AT,0
79207,SCHWECHATER KABELWERKE GESELLSCHAFT M.B.H.,2001,Austria,AT9110098051,NA,AT,0
79266,VAE AG,2001,Austria,AT9110098988,NA,AT,0
79373,SANOCHEMIA PHARMAZEUTIKA AG,2001,Austria,AT9110101226,NA,AT,1
79517,VISO-DATA COMPUTER AG,2001,Austria,AT9110103109,NA,AT,0
79601,BAUMAX HANDELS GMBH,2001,Austria,AT9110104831,NA,AT,0
80089,S&T SYSTEM INTEGRATION AND TECHNOLOGY DISTRIBUTION AG,2001,Austria,AT9110113690,NA,AT,0
80411,AUSTRIA ÖSTERREICHISCHE HOTELBETRIEBS-AKTIENGESELLSCHAFT,2001,Austria,AT9110119529,NA,AT,0
80514,ADMIRAL SPORTWETTEN AG,2001,Austria,AT9110120851,NA,AT,0
80636,DELTA BETEILIGUNGS- AKTIENGESELLSCHAFT,2001,Austria,AT9110122844,NA,AT,0
80796,ERSTE BURGENLÄNDISCHE GEMEINNÜTZIGE SIEDLUNGS- GENOSSENSCHAFT REG.GENMBH,2001,Austria,AT9110124753,NA,AT,0
80801,KONICA MINOLTA PHOTO IMAGING AUSTRIA GMBH,2001,Austria,AT9110124774,NA,AT,0
80985,UBM REALITAETENENTWICKLUNG AG,2001,Austria,AT9110126197,NA,AT,0
81022,VOLKSBAU, GEMEINNÜTZIGE WOHN- UND SIEDLUNGSGENOSSENSCHAFT, REG.GEN.MBH.,2001,Austria,AT9110126479,NA,AT,0
81658,ADCON TELEMETRY AG,2001,Austria,AT9110143855,NA,AT,1
81760,RAGUSA BETEILIGUNGS AG,2001,Austria,AT9110145690,NA,AT,0
82136,BÖHLER-UDDEHOLM AG,2001,Austria,AT9110157664,NA,AT,1
82454,PALMERS TEXTIL AKTIENGESELLSCHAFT,2001,Austria,AT9110166971,NA,AT,0
82484,PIPELIFE AUSTRIA GMBH & CO KG,2001,Austria,AT9110167801,NA,AT,1
82888,MFC COMMODITIES GMBH MILLENNIUM TOWER 21STFLOOR,2001,Austria,AT9110182338,NA,AT,0
83043,EUROMARKETING AG,2001,Austria,AT9110187656,NA,AT,0
83423,SACHER HOTELS BETRIEBSGESELLSCHAFT M.B.H.,2001,Austria,AT9110199083,NA,AT,0
83779,CONSTANTIA PACKAGING AG,2001,Austria,AT9110210011,NA,AT,1
83865,AUTOHAUS LIEWERS KRAFTFAHRZEUGHANDELUND LIEGENSCHAFTSVERWALTUNG AKTIENGESELLSCHAFT,2001,Austria,AT9110212238,NA,AT,0
83971,TELETRADER.COM SOFTWARE AG,2001,Austria,AT9110215121,NA,AT,0
84633,CONSTANTIA ISO HOLDING AG,2001,Austria,AT9110233779,NA,AT,1
84914,CYBERTRON TELEKOM AG,2001,Austria,AT9110240666,NA,AT,0
85004,STADTBAUMEISTER ARCHITEKT FRANZ BÖHM GMBH,2001,Austria,AT9110243628,NA,AT,0
85071,TELEKOM AUSTRIA AG,2001,Austria,AT9110245031,NA,AT,0
85567,DO & CO RESTAURANTS & CATERING AG,2001,Austria,AT9110255555,NA,AT,0
85838,WIENER BOERSE AG,2001,Austria,AT9110261327,NA,AT,0
85932,UMWELTDIENST BURGENLAND GMBH,2001,Austria,AT9110262839,NA,AT,0
86226,SKANDIA INVEST SERVICE GMBH,2001,Austria,AT9110274437,NA,AT,0
86302,TTTECH COMPUTERTECHNIK AG,2001,Austria,AT9110276348,NA,AT,1
86318,STAGE1.CC TECHNOLOGY BUSINESS INCUBATOR AG,2001,Austria,AT9110276591,NA,AT,0
86650,TELE.RING TELEKOM SERVICE GMBH,2001,Austria,AT9110287567,NA,AT,0
86703,HIGH PERFORMANCE SYSTEMS HOLDING GMBH,2001,Austria,AT9110288907,NA,AT,0
86717,AVANTI TANKSTELLENBETRIEBSGESELLSCHAFT M.B.H.,2001,Austria,AT9110289307,NA,AT,0
87011,HTP HIGH TECH PLASTICS AG,2001,Austria,AT9110295704,NA,AT,1
87531,ALU-SOMMER GMBH,2001,Austria,AT9110305699,NA,AT,1
87556,IGENEON KREBS-IMMUNTHERAPIE FORSCHUNGS- UND ENTWICKLUNGS-AG,2001,Austria,AT9110306076,NA,AT,0
87694,WEBFREETV.COM MULTIMEDIA DIENSTLEISTUNGEN AKTIENGESELLSCHAFT,2001,Austria,AT9110310168,NA,AT,0
87839,WAAGNER-BIRO AG,2001,Austria,AT9110312514,NA,AT,0
87949,BWIN INTERACTIVE ENTERTAINMENT AG,2001,Austria,AT9110314800,NA,AT,0
88153,TOP.EQUITY UNTERNEHMENSBETEILIGUNGS AG,2001,Austria,AT9110320168,NA,AT,0
88298,KRAFT & WÄRME GEBÄUDESYSTEME GMBH,2001,Austria,AT9110322364,NA,AT,0
88378,UNILEVER AUSTRIA GMBH,2001,Austria,AT9110323627,NA,AT,0
88427,"MEDIANET" VERLAG AG,2001,Austria,AT9110324086,NA,AT,0
88522,MONTAN METALL RECYCLING AG IN LIQU.,2001,Austria,AT9110325347,NA,AT,0
88623,KALLINGER BAU GMBH,2001,Austria,AT9110326818,NA,AT,0
88669,NDS INTERNETSERVICE & COMPUTERVERTRIEBS AG,2001,Austria,AT9110327352,NA,AT,0
88893,HOERBIGER VENTILWERKE GMBH,2001,Austria,AT9110329335,NA,AT,1
89053,KRUTRADE AG,2001,Austria,AT9110333591,NA,AT,0
89104,AUTOHAUS TRIESTERSTRASSE GMBH,2001,Austria,AT9110334180,NA,AT,0
90139,INTIER AUTOMOTIVE EYBL GMBH,2001,Austria,AT9110353166,NA,AT,0
90337,MISCHEK SYSTEMBAU, VORFERTIGUNGS U. LOGISTIK GMBH,2001,Austria,AT9110356144,NA,AT,0
90422,LEIPNIK-LUNDENBURGER INVEST BETEILIGUNGS AG,2001,Austria,AT9110357050,NA,AT,1
99690,ALLIANZ ELEMENTAR VERSICHERUNGS AG,2001,Austria,AT911157,NA,AT,0
99695,PALFINGER AG,2001,Austria,AT9130000041,NA,AT,1
99717,MEPLA WERKE - LAUTENSCHLÄGER GESELLSCHAFT M.B.H. & CO. KG,2001,Austria,AT9130000171,NA,AT,0
99721,RÖHRICH HEIZUNG UND INDUSTRIEBEDARF GESELLSCHAFT M.B.H.,2001,Austria,AT9130000181,NA,AT,0
99730,RESCHREITER GESELLSCHAFT M.B.H.,2001,Austria,AT9130000246,NA,AT,1
99768,ALLMOBIL AUTOHANDELSGESELLSCHAFT M.B.H.,2001,Austria,AT9130000346,NA,AT,0
99799,ALPINE MAYREDER BAU GMBH,2001,Austria,AT9130000494,NA,AT,0
99817,,2001,Austria,AT9130000612,NA,AT,0
100149,STADLBAUER MARKETING + VERTRIEB GESELLSCHAFT M.B.H.,2001,Austria,AT9130002664,NA,AT,0
100287,GEORG PAPPAS AUTOMOBIL AKTIENGESELLSCHAFT,2001,Austria,AT9130003649,NA,AT,0
100408,G. HINTEREGGER & SÖHNE BAUGESELLSCHAFT M.B.H.,2001,Austria,AT9130004272,NA,AT,0
100421,ABERG-HINTERTHAL-BERGBAHNEN AKTIENGESELLSCHAFT,2001,Austria,AT9130004318,NA,AT,0
100551,,2001,Austria,AT9130005179,NA,AT,0
100558,GLEITBAU-GESELLSCHAFT MIT BESCHRÄNKTER HAFTUNG,2001,Austria,AT9130005194,NA,AT,0
100593,JOHANN OBERRATER BAUUNTERNEHMUNGS GESELLSCHAFT M.B.H.,2001,Austria,AT9130005871,NA,AT,0
100710,TECAN AUSTRIA GMBH,2001,Austria,AT9130007379,NA,AT,0
100865,NON FERRUM METALLPULVER GESELLSCHAFT M.B.H. & CO. KG,2001,Austria,AT9130009637,NA,AT,1
100892,,2001,Austria,AT9130010043,NA,AT,0
100950,UNITO VERSAND & DIENSTLEISTUNGEN GMBH,2001,Austria,AT9130010771,NA,AT,0
101090,KUHN VERMÖGENSVERWALTUNGS GMBH,2001,Austria,AT9130012107,NA,AT,0
101143,KUHN-BAUMASCHINEN GMBH,2001,Austria,AT9130012490,NA,AT,0
101173,PAPPAS AUTOMOBILVERTRIEBS GMBH,2001,Austria,AT9130012930,NA,AT,0
101190,GEBRÜDER LIMMERT AKTIENGESELLSCHAFT,2001,Austria,AT9130013068,NA,AT,0
101307,G.S. GEORG STEMESEDER GMBH,2001,Austria,AT9130014555,NA,AT,0
101360,BLECKMANN GMBH,2001,Austria,AT9130015428,NA,AT,0
101527,GASTEINER BERGBAHNEN AKTIENGESELLSCHAFT,2001,Austria,AT9130017711,NA,AT,0
101597,BETONWERK RIEDERGESELLSCHAFT M.B.H.,2001,Austria,AT9130018433,NA,AT,1
101623,S. SCHÖSSWENDER-WERKE METALL- U. SCHMIEDEKUNST GESELLSCHAFT M.B.H.,2001,Austria,AT9130018682,NA,AT,0
101977,,2001,Austria,AT9130024098,NA,AT,0
102161,,2001,Austria,AT9130027355,NA,AT,0
102210,EISENWERK SULZAU-WERFEN R. & E. WEINBERGER AKTIENGESELLSCHAFT,2001,Austria,AT9130028249,NA,AT,1
102306,MB LEASING GMBH,2001,Austria,AT9130030264,NA,AT,0
102553,GLETSCHERBAHNEN KAPRUN AKTIENGESELLSCHAFT,2001,Austria,AT9130034352,NA,AT,0
102624,S. SCHÖSSWENDER-WERKE METALLGIEßEREI GESELLSCHAFT M.B.H.,2001,Austria,AT9130035108,NA,AT,0
102681,INTERCAR AUSTRIA GMBH,2001,Austria,AT9130035321,NA,AT,0
102743,ADEG ÖSTERREICH HANDELSAKTIENGESELLSCHAFT,2001,Austria,AT9130036699,NA,AT,0
102808,KAINDL DECOR GMBH,2001,Austria,AT9130038663,NA,AT,0
102830,VOGLAUER MÖBEL GESELLSCHAFT M.B.H.,2001,Austria,AT9130039130,NA,AT,0
103008,OBERPINZGAUER FREMDENVERKEHRSFÖRDERUNGS - UND BERGBAHNEN AKTIENGESELLSCHAFT,2001,Austria,AT9130043016,NA,AT,0
103040,STEINER TRANSPORT GESELLSCHAFT MBH,2001,Austria,AT9130043686,NA,AT,0
103176,EMTS TECHNOLOGIE AG,2001,Austria,AT9130046642,NA,AT,0
103248,CONCEPTA VERSICHERUNGSMAKLER AG,2001,Austria,AT9130048703,NA,AT,0
103287,SONY DADC AUSTRIA AKTIENGESELLSCHAFT,2001,Austria,AT9130049021,NA,AT,1
103325,TREUHAND - SALZBURG AG WIRTSCHAFTSPRÜFUNGS- UND STEUERBERATUNGSGESELLSCHAFT,2001,Austria,AT9130050163,NA,AT,0
103326,ALUTECH GESELLSCHAFT M.B.H.,2001,Austria,AT9130050183,NA,AT,1
103407,COMTRADE HANDELSGES. M.B.H. & CO.,2001,Austria,AT9130051755,NA,AT,0
103546,,2001,Austria,AT9130054236,NA,AT,0
103672,PLAUT AG,2001,Austria,AT9130058263,NA,AT,0
103726,LEITGÖB WOHNBAU BAUTRÄGER GMBH,2001,Austria,AT9130058595,NA,AT,0
103753,,2001,Austria,AT9130059017,NA,AT,0
103931,BLIZZARD SPORT GMBH,2001,Austria,AT9130061740,NA,AT,1
104221,SCHÖN PRIVATSTIFTUNG,2001,Austria,AT9130067444,NA,AT,0
104268,MILUPA GMBH,2001,Austria,AT9130068626,NA,AT,0
104420,KAINDL FLOORING GMBH,2001,Austria,AT9130071495,NA,AT,0
104572,,2001,Austria,AT9130073105,NA,AT,0
104827,WINGLINER PRODUKTIONS- UND VERTRIEBSGESELLSCHAFT GMBH,2001,Austria,AT9130077764,NA,AT,0
105051,SENOVA KUNSTSTOFFE GMBH & CO.KG,2001,Austria,AT9130080839,NA,AT,0
105072,SALZBURG SPORT AG,2001,Austria,AT9130081113,NA,AT,0
105296,IUL SOFTWAREHOUSE AG,2001,Austria,AT9130084434,NA,AT,0
105358,CONTAINER TERMINAL SALZBURG GMBH,2001,Austria,AT9130085240,NA,AT,0
105665,EUROMOTIVE GESELLSCHAFT M.B.H.&CO KG,2001,Austria,AT9130088554,NA,AT,1
108636,RUDOLF LEINER GESELLSCHAFT M.B.H.,2001,Austria,AT9150000888,NA,AT,0
108674,LEYRER + GRAF BAUGESELLSCHAFT M.B.H.,2001,Austria,AT9150001031,NA,AT,0
108680,ERGEE TEXTILGRUPPE GMBH,2001,Austria,AT9150001111,NA,AT,1
109009,KLENK & MEDER GESELLSCHAFT M.B.H.,2001,Austria,AT9150004938,NA,AT,1
109318,MASCHINENFABRIK HEID AG,2001,Austria,AT9150007864,NA,AT,1
109358,SCHUKRA BERNDORF GMBH,2001,Austria,AT9150008195,NA,AT,1
109420,BERNDORF METALL- UND BÄDERBAU GES. M. B. H. & CO. KG,2001,Austria,AT9150008785,NA,AT,1
109486,BENDA-LUTZ WERKE GMBH,2001,Austria,AT9150009286,NA,AT,1
109534,MABA FERTIGTEILINDUSTRIE GMBH,2001,Austria,AT9150010560,NA,AT,0
109691,WELSER PROFILE AG,2001,Austria,AT9150012053,NA,AT,1
109931,MOSSER LEIMHOLZ GESELLSCHAFT M.B.H.,2001,Austria,AT9150013850,NA,AT,1
110097,VOESTALPINE KREMS GMBH,2001,Austria,AT9150015463,NA,AT,1
110357,READYMIX KIES-UNION AG,2001,Austria,AT9150017739,NA,AT,1
110692,UMDASCH SHOP-CONCEPT GMBH,2001,Austria,AT9150021270,NA,AT,0
110754,GROSSKÜCHENTECHNIK AUSTRIA GMBH,2001,Austria,AT9150021864,NA,AT,0
111318,ATYS AUSTRIA GMBH,2001,Austria,AT9150028226,NA,AT,1
111929,SCHOELLER-BLECKMANN OILFIELD EQUIPMENT AG,2001,Austria,AT9150038693,NA,AT,1
112362,BÖHLER - UDDEHOLM PRECISION STRIP GMBH & CO KG,2001,Austria,AT9150046071,NA,AT,1
112366,GARANT - TIERNAHRUNG GESELLSCHAFT M.B.H.,2001,Austria,AT9150046142,NA,AT,1
112387,VOESTALPINE GIESSEREI TRAISEN GMBH,2001,Austria,AT9150046388,NA,AT,1
112497,EYBL INTERNATIONAL AG,2001,Austria,AT9150048182,NA,AT,1
112568,REXAM BEVERAGE CAN ENZESFELD GMBH,2001,Austria,AT9150048672,NA,AT,1
112616,ROTH-TECHNIK AUSTRIA GESELLSCHAFT M.B.H.,2001,Austria,AT9150048981,NA,AT,1
113157,LOHMANN & RAUSCHER GMBH,2001,Austria,AT9150057261,NA,AT,0
113317,LAUFEN AUSTRIA AG,2001,Austria,AT9150060490,NA,AT,1
113665,BEKO HOLDING AG,2001,Austria,AT9150067440,NA,AT,0
113703,WORTHINGTON CYLINDERS GMBH,2001,Austria,AT9150067977,NA,AT,1
115964,BMTI-BAUMASCHINENTECHNIK INTERNATIONAL GMBH,2001,Austria,AT9150108623,NA,AT,1
118963,COFACE AUSTRIA KREDITVERSICHERUNGS AG,2001,Austria,AT935040,NA,AT,0
118972,HDI HANNOVER VERSICHERUNG AG,2001,Austria,AT940191,NA,AT,0
